region_code,n_days,n_deaths,mmt,rr_p99,rr_p99_lo,rr_p99_hi,rr_p1,rr_p1_lo,rr_p1_hi,in_mvmeta
1101,5464,37987,23.4405302824155,1.14191358249248,0.906237870627535,1.43887898767447,1.05981859414573,0.942432746244842,1.19182557797629,TRUE
1102,5474,39008,14.7915735054016,1.00270145859419,0.774444936792602,1.29823331175856,1,1,1,TRUE
1202,3912,7013,25.1537985013711,1.077563731887,0.723722528232117,1.60440438287121,1.08505821967397,0.744480284958358,1.58144058864889,TRUE
1301,5479,112811,27.5237462431012,1.09209688017469,1.0054063054775,1.18626229932071,1.50640999785513,1.33474830781009,1.70014906058287,TRUE
1302,4725,12047,26.7879475680265,1.55009229092175,1.14148650327418,2.10496234820388,1.10109598220132,0.802602574798819,1.5106011369622,TRUE
1303,4063,7779,29.5856368255615,1,1,1,1.55096392641562,0.926544322969813,2.59619431192708,TRUE
1304,4975,14138,24.1562929534912,1.05166259727362,0.637083518969672,1.73602704444932,1,1,1,TRUE
1401,5014,15905,27.5523755836487,1,1,1,1.37199887318775,0.865820601649635,2.1741003903603,TRUE
1402,1847,2343,29.479942779541,1,1,1,3.05285733058588,0.812747754317363,11.4671961028546,TRUE
1501,5479,158263,27.8772935767126,1.19790658434559,1.073747661669,1.33642217445023,1.43656384159242,1.25451647825228,1.64502874752657,TRUE
1502,5478,60353,27.3535355776007,1.11856048855937,0.934090345115329,1.33946097731232,1.37867038270051,1.16127342792599,1.63676527717528,TRUE
1503,5470,40127,29.3150618362427,1,1,1,1.03944771179867,0.759308972398786,1.4229405747046,TRUE
1504,5163,17220,29.014732093811,1,1,1,1.1993657679922,0.796070404587506,1.80697365100125,TRUE
1505,5468,39776,26.3553119977315,1.28030053859626,1.0205261163931,1.60620041251201,1.11206873750728,0.894837361619131,1.3820353619381,TRUE
1506,4716,11780,26.8054663022359,1.15204294319817,0.779960167953523,1.70162913120942,1.23558688799818,0.839452785690409,1.81865494262123,TRUE
1507,4812,12453,29.1015608787537,1,1,1,1.40898521025166,0.848940761277781,2.33848981372957,TRUE
1601,5288,21749,29.4332250213623,1,1,1,1.39956785977723,0.968320780479863,2.02287323953815,TRUE
1602,1626,1963,25.0053191184998,2.75361972441944,0.440290062660247,17.2214233973361,1,1,1,TRUE
1701,5393,24782,23.949841003418,1.4004279291762,1.05326034080326,1.86202623305939,1,1,1,TRUE
1702,5462,33374,27.6611028783008,1.26943771736834,1.04076521776533,1.54835316435478,1.34048517509213,1.03424865569702,1.73739699321223,TRUE
1703,5024,14387,26.313840936025,1.538060297326,1.22089147592228,1.93762469872559,1.07560306849684,0.859159525623178,1.34657409532957,TRUE
2101,5479,136642,27.8017345428467,1,1,1,1.83429578292679,1.55931049198453,2.15777488611703,TRUE
2102,5477,56997,28.5496614074707,1,1,1,1.35245308030868,1.04848421152401,1.74454637879355,TRUE
2103,5467,38702,27.1597563656894,1.26800644433104,1.00006598594172,1.60773425500619,1.53104447244932,1.24938913616713,1.87619462084393,TRUE
2104,5343,22843,24.328041305542,1.27141301303929,0.89381056888016,1.80853875083499,1,1,1,TRUE
2105,5479,59442,27.0170103038441,1.07474493668535,0.930477387110295,1.24138070944208,1.3465620727331,1.09677357061757,1.65323952390855,TRUE
2201,5479,97290,28.640524548232,1.31267513591695,1.14517342893642,1.50467690649697,1.15445873874871,1.00988416430198,1.31973054592303,TRUE
2202,5472,39240,28.2766166305542,1,1,1,1.71274672786484,1.34333468022634,2.18374571653093,TRUE
2203,5448,31750,28.7052592383491,1.5169661419611,1.24314298506409,1.85110345592121,1.14812842632664,0.926147112227425,1.42331479085322,TRUE
2204,4299,8714,24.8918574604844,1.52152656010459,1.01752130139815,2.27517897652133,1.17383886683051,0.820489564333363,1.6793604028364,TRUE
2205,4335,8946,28.5260370635986,1.21423973146021,0.902014055500447,1.63454007891104,1.10994074448676,0.772144125865214,1.59551619316066,TRUE
2206,5107,15491,24.2466467285156,2.07626706268011,1.36320853452022,3.16230775146044,1,1,1,TRUE
2301,5479,286791,27.5437975311279,1,1,1,1.66825416183415,1.50607325482239,1.84789945612915,TRUE
2302,5479,59443,28.0647268992723,1.08330859375604,0.956612562187757,1.22678454757251,1.09412450756058,0.950097905748443,1.25998429298891,TRUE
2303,5458,34297,27.8211551556443,1.26151245305849,1.01105426618896,1.57401409839285,1.1506255786698,0.964967074376487,1.3720045558494,TRUE
2304,5479,70414,27.2101806783195,1.48491442127483,1.26668382108114,1.7407428766462,1.35085097303789,1.16714339114606,1.56347400430858,TRUE
2305,5438,28239,26.8091425589359,1.07181729353006,0.857398163529632,1.33985860895817,1.14681381201253,0.922666734385425,1.42541382539247,TRUE
2306,5479,86602,27.4916244125366,1,1,1,1.54125420816405,1.25468332390231,1.89327815946036,TRUE
2401,5479,126316,25.4482015898733,1.03899689592959,0.902139516974827,1.19661596619921,1.06946311325816,0.9703557293783,1.1786928401532,TRUE
2402,5374,22754,29.6467913246155,1,1,1,1.11107521023657,0.828540118955483,1.48995576020933,TRUE
2403,5478,61347,25.5882223770835,1.05708099329362,0.877311577578765,1.27368685760027,1.00517790271697,0.977415937653875,1.03372840280848,TRUE
2501,5479,130917,27.8812576293945,1,1,1,1.07041315439054,0.872071792640879,1.31386467348353,TRUE
2502,5479,86479,27.3489231109619,1,1,1,1.15635518764148,0.960757546605678,1.39177394412305,TRUE
2503,5476,43762,28.0674605369568,1.04800518822098,0.894730673796861,1.22753685181855,1.0196308579567,0.86165285305139,1.20657302162441,TRUE
2504,5382,22856,28.3714008277354,1.14195528529587,0.883013766992462,1.47683073850229,1.08279302325672,0.88429335381194,1.32585043883839,TRUE
2601,5479,391735,27.381682472229,1,1,1,1.31653170883427,1.16678217832988,1.48550069803692,TRUE
2602,5479,159700,24.9531463241577,1.14689494771744,1.06344630307875,1.23689180853957,1.30753254409211,1.1620860191749,1.47118313588684,TRUE
2603,5471,36456,23.7025725894504,1.36093789896108,1.11071065910468,1.66753776030346,1.203770245648,0.984098399647146,1.47247755389809,TRUE
2604,5476,49086,27.6217147846415,1.51545470100463,1.29751674915254,1.76999869350206,1.20740561116414,1.01566507055512,1.43534355185992,TRUE
2701,5479,119518,28.0338554000855,1,1,1,1.16813716777586,0.925909291430684,1.47373447417399,TRUE
2702,5479,68441,27.6757575141059,1.3175871071098,1.17188429893829,1.48140544795659,1.22604874909194,1.00683173155128,1.49299578871423,TRUE
2801,5479,82715,23.6872994613647,1.35902544172334,1.0453355362391,1.76684909985577,1,1,1,TRUE
2802,5469,40068,27.344679836697,1.16085992538508,1.00059662756162,1.34679223299907,1.24254714753321,0.961731127342868,1.60535868076619,TRUE
2901,5479,241227,26.1523346559929,1.05241973653115,0.954426466171235,1.16047421262685,1.11515788823828,1.00359196514503,1.23912621751645,TRUE
2902,5478,61466,25.3462414828214,1.20616917308871,1.04644108572127,1.3902780519237,1.13246459399026,0.956478488472237,1.34083105067003,TRUE
2903,5479,103341,25.780961154591,1.34284504639558,1.15613592129496,1.55970659281081,1.21253306411088,1.03907222056527,1.41495114821017,TRUE
2904,5479,122111,24.4490735930626,1.10307689841324,0.986056530908142,1.23398467093193,1.33415563649527,1.17997902960311,1.5084770303001,TRUE
2905,5469,40906,25.3818345850164,1.67894059330529,1.39151214354669,2.02573978884845,1.24328948385483,1.03884216730357,1.48797265774862,TRUE
2906,5387,26666,23.92745365952,1.83967300632003,1.49792289980528,2.25939317078503,1.36816764440007,1.11628558492884,1.67688513446365,TRUE
2907,5460,35522,25.9896530139808,1.29920931322938,1.04458580674387,1.61589869274936,1.26854180319629,1.05042018683514,1.53195676037503,TRUE
2908,5471,45625,26.8543141971935,1.83976150588919,1.5640839220093,2.16402863741704,1.11168671064105,0.938167770877537,1.3172988680478,TRUE
2909,5478,48242,23.811799388269,1.38244857120432,1.15605884068711,1.65317195350452,1.08688308394656,0.920153807824164,1.28382323490307,TRUE
2910,5479,141921,24.7236080508762,1.32304420769968,1.20560381776336,1.45192471169766,1.09028459339279,0.981770424387437,1.21079273225344,TRUE
3101,5479,381779,20.9431350827458,1.12821247424422,1.06872209285988,1.19101438582046,1.12942919990084,1.07103906343699,1.19100260778088,TRUE
3102,5479,98417,24.0778751581365,1.77321347373226,1.58395422724222,1.9850864181221,1.23054043502696,1.10283693164474,1.37303142358322,TRUE
3103,5479,84239,23.5846271776912,1.08455164876555,0.956666386830705,1.22953235843983,1.35120999437384,1.18271655203526,1.54370753140632,TRUE
3104,5476,59917,22.2925486564636,1.14333816587709,1.0000071876699,1.30721276573734,1.29786313193783,1.11032790371501,1.51707320297682,TRUE
3105,5479,69409,20.9779634094238,1.16410692165745,1.0269463434074,1.319586883726,1.15296063712107,1.01445187808001,1.31038076765804,TRUE
3106,5479,197923,21.4258231779542,1.13780636200097,1.04891391173189,1.23423219287111,1.28357639044776,1.18791036334539,1.38694669307794,TRUE
3107,5478,60403,18.883951551553,1.12881636327962,0.994475351565423,1.28130514245732,1.36299168904161,1.19010290795014,1.56099639114094,TRUE
3108,5479,131858,22.6222977143105,1.30666434268256,1.18633283922304,1.43920124942022,1.50883872209381,1.36093388016077,1.67281770442862,TRUE
3109,5479,106364,24.4261965560913,1,1,1,1.3237395356884,1.14257854018979,1.53362442642541,TRUE
3110,5479,57783,24.2401853179932,1.48728432789827,1.33188751686645,1.66081192593205,1.30721271625434,1.10561041582861,1.54557614605718,TRUE
3111,5479,81612,24.9241600649285,1.42741424283034,1.30394257176967,1.56257757415624,1.49930124565984,1.30397693163068,1.72388342976747,TRUE
3112,5478,50617,24.0108133030901,1.3655131446873,1.18223444191601,1.57720506373666,1.12927959048363,0.978899782968662,1.3027609318856,TRUE
3113,5479,91116,20.4023694514265,1.31302390093397,1.18956040568436,1.44930157071932,1.06868185308263,0.966113024310921,1.18214005439241,TRUE
3201,5479,130296,24.8270166601316,1.13361362112845,0.980817967033701,1.31021237905586,1.29499596841969,1.1367332613032,1.47529294277943,TRUE
3202,5448,32698,22.6425683027325,1.21171511218075,0.867244889506453,1.69300912677938,1.04347352658264,0.865558997809952,1.25795815586667,TRUE
3203,5471,31944,26.4445127718376,1.13640947420828,0.951733691182233,1.35692001348207,1.28533013314544,1.02103766852722,1.61803389051716,TRUE
3204,5474,46277,23.5179953663759,1.2507055668058,1.03984765021948,1.50432076709397,1.12038414675451,0.941522672228519,1.33322401395573,TRUE
3301,5479,1155032,24.0260165316649,1.31368724288855,1.25641207208073,1.37357337650385,1.28139945281344,1.22465612161202,1.34077193482627,TRUE
3302,5479,89556,22.8727933057149,1.30513178829371,1.14153965678602,1.49216803348779,1.22892361121976,1.08753692486427,1.38869146204106,TRUE
3303,5479,96162,26.4314147567749,1,1,1,1.40551622670025,1.16168468263194,1.70052673763592,TRUE
3304,5479,86207,22.3399454475172,1.22598494041282,1.02172143861709,1.47108499176976,1.19388196973146,1.03284453263441,1.38002778986912,TRUE
3305,5479,68367,19.9471558414806,1.01026010725336,0.822792350682219,1.24044114345657,1.22238865340091,1.05276188803255,1.41934661289437,TRUE
3501,5479,1575489,23.0611650721232,1.11898079409908,1.0799575739676,1.15941408046476,1.40774536424329,1.35003976512615,1.46791751009149,TRUE
3502,5479,226810,22.5429222677212,1.24510697894509,1.14440391806745,1.35467151461324,1.37884860803769,1.25379737593014,1.51637219887866,TRUE
3503,5479,120871,23.9634431517245,1.55095049814607,1.42182976786524,1.69179707871155,1.35325350371734,1.20137485386629,1.52433275878027,TRUE
3504,5479,97521,23.9288132580844,1.70126216035111,1.53801867466653,1.88183211681096,1.34279986549419,1.17662258089861,1.53244677438891,TRUE
3505,5479,81893,24.8516159968906,1.74108790345846,1.57435656724544,1.92547682693839,1.57996448464374,1.37364135535084,1.81727767805737,TRUE
3506,5479,69921,24.8021730640681,1.83825369953666,1.65751973094314,2.03869468385601,1.26110719594141,1.07593851409079,1.47814335003999,TRUE
3507,5479,147862,26.6044863529398,1.75144630803431,1.63716164598591,1.87370879194992,1.35634747369964,1.20839822423215,1.52241076866889,TRUE
3508,5479,200287,24.8213753162731,1.50662140513494,1.42356519495797,1.5945234306447,1.35272435487217,1.2339760984481,1.48290001934854,TRUE
3509,5479,92874,23.9941604926369,1.47503739316393,1.33509375515618,1.62964983008052,1.55578343891929,1.35635485970544,1.78453454971304,TRUE
3510,5479,509337,22.2946705263311,1.24958165189553,1.18488915392473,1.31780622649968,1.38056463572887,1.29979658875517,1.46635152754982,TRUE
3511,5479,174713,21.8025519453877,1.09682943729615,0.996470139350934,1.20729640258263,1.32770019022485,1.20963738868383,1.45728613517903,TRUE
4101,5479,249572,25.4891980743408,1,1,1,1.38598475062978,1.23295164828283,1.55801221536438,TRUE
4102,5449,30435,24.7032865142822,1,1,1,1.82033836453941,1.33174383867423,2.4881900446506,TRUE
4103,5479,138761,22.006859703064,1.33869590498281,1.21343964703117,1.47688163181609,1.40303967504633,1.26310399891648,1.55847842413828,TRUE
4104,5479,145377,22.9893890521502,1.48425567285062,1.35123102155329,1.63037620306912,1.62309775588115,1.45681430971628,1.80836109830598,TRUE
4105,5479,163644,22.7723177655538,1.27456050655293,1.17492524836012,1.38264497007945,1.48045743604353,1.33767781842672,1.63847691106545,TRUE
4106,5479,68579,25.1235277175903,1,1,1,1.8605222349433,1.50101771161672,2.30613067382798,TRUE
4201,5477,64949,26.1238133239746,1,1,1,1.25817493813393,0.982834557922449,1.61065172382066,TRUE
4204,5479,74410,26.4456317138672,1,1,1,1.53010323436648,1.24298844272756,1.88353795364444,TRUE
4206,5479,81100,21.0991729824952,1.19349697138828,1.03938235181388,1.37046296603665,1.23679371392775,1.06264073165444,1.43948810284135,TRUE
4207,5479,111811,24.4289436367305,1.03017287839416,0.93992507395703,1.12908591204093,1.38769064611962,1.20110187135178,1.60326561406538,TRUE
4301,5479,407446,22.4700807698568,1.05907761609483,0.987291564573772,1.13608323737409,1.4834031509082,1.37216548150695,1.60365855123228,TRUE
4302,5479,108022,22.1620972739326,1.08007231638564,0.932180245763285,1.2514277296956,1.38249518504762,1.22525956979232,1.55990859716674,TRUE
4303,5479,78673,21.997874398376,1.51698722295996,1.31647206131524,1.74804335180853,1.56612360756324,1.37880934405874,1.77888492323882,TRUE
4304,5476,44318,18.7595515648524,1.6912022957791,1.3800658108741,2.07248464726254,1.37397112529531,1.14212495761071,1.65288100970535,TRUE
4305,5479,75893,25.0061848415991,1.51687116477462,1.35150590643798,1.70246990380453,1.37769388941973,1.20351696358733,1.57707827174032,TRUE
4306,5479,114345,23.1493362097307,1.04353630211803,0.921888597150675,1.18123601615629,1.47473329947095,1.32062123030448,1.64682973032855,TRUE
4307,5479,88720,21.263809783242,1.12782666943482,1.00306501199825,1.2681062354617,1.44782391261515,1.27210532011591,1.64781488513015,TRUE
4308,5479,72441,21.8254242143727,1.58675457154677,1.31688416054174,1.91192980048359,1.52456915725891,1.32806609590307,1.75014716694853,TRUE
5001,5479,92212,27.0976505736149,1.34792976330315,1.22088561022739,1.4881940057104,1.27413013681623,1.10662848079741,1.466985202092,TRUE
5002,5477,51360,21.7712525612417,1.49403682664104,1.26820482255776,1.76008322918829,1.43705271597761,1.19286954545515,1.73122074946651,TRUE
5003,5357,22994,18.997371005434,1.41594000091418,1.1106525071202,1.80514253858509,1.43553676376495,1.146225484046,1.79787121190723,TRUE
5101,5479,72740,25.5819205024026,1.71380087841738,1.50011060224021,1.95793126618664,1.18876093990173,1.02068404451446,1.38451519824459,TRUE
5102,5188,17683,23.148905657566,1.07595604757097,0.803994050842042,1.43991291364915,1.38119427844764,1.0740687100512,1.77614115090045,TRUE
5103,5452,34328,26.5804751841227,1.15230501934322,0.948322307546905,1.40016410774762,1.1232895931069,0.939353729495686,1.34324213590942,TRUE
5104,4988,14273,23.2859408378601,1.58784240853207,1.14487069440697,2.20220809795371,1,1,1,TRUE
5105,5375,25467,27.1917879405166,1.62751593316871,1.39045427914768,1.9049947577864,1.17158901257384,0.931103307449369,1.47418745417611,TRUE
5201,5479,216462,25.4271052435673,1.30546824066811,1.22997452800944,1.38559562705027,1.11067158044566,1.03981468334151,1.18635693395425,TRUE
5202,5436,29429,25.0655813130465,1.52683449097975,1.29660955266837,1.79793798221511,1.38714309260698,1.12727704303811,1.70691488064147,TRUE
5203,5467,37181,23.4784971271862,1.38748414674514,1.19402492550255,1.6122881661443,1.08250073732668,0.878461843405403,1.33393141103343,TRUE
5204,5351,22940,25.9116645389133,1.61388019910555,1.34857627209825,1.93137707592352,1.41226380579081,1.10863666842649,1.79904662541746,TRUE
5205,5461,34118,25.8193206748577,1.31952853335962,1.12584841462877,1.54652751447389,1.17893106187669,1.0239826544342,1.35732616430468,TRUE
5206,5471,48620,24.2774377630215,1.30307876429517,1.11526444001944,1.52252165946171,1.2525369995829,1.09189070374132,1.43681865771779,TRUE
5301,5479,123901,22.5629496950092,1.17197584223702,1.05088030293506,1.30702552036705,1.08198691406707,0.998104610124164,1.17291882067026,TRUE
